month,kwh_usage,peak_hours,appliances,bill
7,490.2478406469903,4,1,6137.902964900319
4,780.654014268917,7,4,9773.78825864684
11,170.3100996321151,1,13,2132.282447394081
8,744.6919093929148,2,2,9323.542705599293
5,144.52279148558029,6,2,1809.4253493994652
7,773.8512282385453,2,3,9688.617377546587
10,141.3083822996103,5,8,1769.1809463911206
3,114.59398514268884,3,8,1434.7166939864642
7,657.5691698931372,6,12,8232.766007062077
11,897.8044278147155,8,7,11240.511436240238
11,817.2882103792166,2,6,10232.448393947792
8,560.798734244528,6,9,7021.20015274149
5,833.9164904684253,6,4,10440.634460664685
4,104.24000511808433,6,12,1305.0848640784156
8,880.053730356114,3,1,11018.272704058547
8,492.5990234070276,8,8,6167.3397730559855
3,678.3168772974205,7,7,8492.527303763705
6,756.689178522682,4,7,9473.748515103978
5,674.7658166692429,6,3,8448.068024698921
2,528.0293856359284,1,4,6610.927908161823
8,481.29558730112956,7,10,6025.820753010142
12,770.8660469620999,5,9,9651.24290796549
6,264.0620481195673,3,6,3306.0568424569824
2,874.3952532033874,2,5,10947.42857010641
12,668.7619830693986,3,3,8372.900028028871
5,259.60554187065577,2,9,3250.26138422061
1,688.9977469587906,3,5,8626.251791924058
12,523.8720185448933,2,5,6558.877672182064
10,665.7840765155556,6,14,8335.616637974756
6,714.223601154271,4,4,8942.079486451474
12,169.83214367174037,2,14,2126.2984387701895
9,504.8831650874776,8,4,6321.137226895219
1,845.6114738055473,2,12,10587.055652045452
11,356.5137537276114,1,1,4463.552196669694
11,575.1064780463191,2,7,7200.3331051399155
10,395.3843852079169,1,9,4950.21250280312
12,463.4143777752797,5,3,5801.948009746502
12,538.8824943505226,6,12,6746.808829268543
3,539.1375839111818,1,13,6750.002550567995
12,261.38436986418867,4,2,3272.532310699642
7,647.6572383038666,7,3,8108.66862356441
4,170.29448899412546,6,1,2132.0870022064505
9,211.0598187536163,1,6,2642.468930795276
3,102.16871953146374,6,11,1279.152368533926
5,193.35685131334506,8,11,2420.82777844308
3,478.5329608415138,6,7,5991.232669735752
7,584.8815048446709,6,11,7322.716440655279
5,735.43155997317,5,11,9207.603130864089
9,185.35940009074886,4,2,2320.6996891361755
7,780.5819680131638,3,8,9772.88623952481
2,696.7796204389745,3,14,8723.68084789596
4,426.81463434873353,1,6,5343.719222046144
9,846.3504536799637,6,14,10596.307680073145
12,892.7435811659125,1,4,11177.149636197224
2,264.0014480425898,5,5,3305.298129493224
10,403.38286797104035,5,8,5050.353506997425
9,841.159538871769,2,14,10531.317426674546
10,677.2772406010217,8,3,8479.511052324791
5,138.47571517127017,5,3,1733.7159539443023
2,725.211585401132,2,14,9079.649049222173
4,762.3527097419935,4,14,9544.655925969759
12,700.4015398122508,1,11,8769.027278449379
12,739.6297047356124,7,4,9260.163903289867
7,760.1061413542378,4,1,9516.528889755056
12,249.12398943051528,5,9,3119.0323476700514
8,288.5533968519998,4,8,3612.6885285870376
3,607.0068509761418,4,8,7599.725774221295
1,826.2929043700128,8,14,10345.18716271256
4,352.9572658371957,8,10,4419.024968281689
2,570.6453406360454,8,6,7144.4796647632875
8,646.3856507337059,4,7,8092.748347185998
4,461.5588810392314,5,6,5778.717190611177
2,671.0259638842608,7,9,8401.245067830945
6,819.7339562337385,6,3,10263.069132046405
6,599.2812353454701,4,14,7503.001066525286
10,531.8248495317064,2,3,6658.447116136964
4,450.99574031067124,5,3,5646.4666686896035
6,561.9890167249006,4,10,7036.102489395755
2,384.2899614547167,7,3,4811.310317413053
10,413.18568816120154,6,9,5173.084815778243
12,525.4859837505392,8,12,6579.08451655675
2,153.29528991265357,5,4,1919.2570297064226
10,283.2203127398371,3,13,3545.9183155027604
4,534.2794484907272,6,7,6689.178695103904
8,445.2225145091541,2,14,5574.185881654609
7,366.2526287299874,4,9,4585.482911699442
12,684.4393094474411,7,11,8569.180154281963
9,654.9740859226707,3,12,8200.275555751838
8,233.38460799470653,7,7,2921.975292093726
5,802.9032922987506,3,9,10052.349219580357
2,496.3389011231725,5,12,6214.1630420621195
5,693.1687289112364,3,3,8678.47248596868
8,558.5206794059109,2,4,6992.678906162004
10,898.1540927390746,2,14,11244.889241093213
9,701.9224960310581,1,8,8788.069650308847
12,665.5843689947673,2,6,8333.116299814486
12,722.8575512406009,6,5,9050.176541532323
12,214.5023884387757,3,13,2685.5699032534717
9,263.6356745355706,2,4,3300.718645185344
1,671.2512657788914,5,8,8404.06584755172
9,495.1851897046901,7,1,6199.71857510272
7,703.7082334880932,8,14,8810.427083270926
9,182.33282459531603,7,9,2282.8069639333567
8,529.1850811876758,1,1,6625.397216469701
1,403.0572524455326,7,8,5046.276800618068
12,465.6001754253427,3,4,5829.31419632529
8,583.1662976580101,1,9,7301.242046678286
8,501.8306779700241,3,14,6282.920088184702
11,531.8885096902693,5,11,6659.244141322171
3,489.08598559648624,1,5,6123.356539668008
1,427.16414166839456,4,3,5348.0950536883
8,717.5055844785961,6,9,8983.169917672023
3,109.76245785443561,6,11,1374.2259723375337
3,578.7541609641817,3,14,7246.002095271554
1,552.406677858379,7,14,6916.131606786905
11,672.9432597863618,8,9,8425.24961252525
5,579.2234918218612,8,4,7251.878117609702
10,761.4390622472627,4,11,9533.217059335728
7,867.2598356512223,1,4,10858.093142353302
10,374.0194057428347,4,12,4682.72295990029
9,281.8807864239896,4,8,3529.14744602835
12,438.8774899363863,7,2,5494.746174003557
7,330.3436931805809,8,9,4135.903038620872
9,591.9602105221236,1,13,7411.341835736987
8,829.4819270743718,5,14,10385.113726971134
12,211.2929553144495,7,6,2645.3878005369074
2,180.6356824127092,4,9,2261.5587438071193
1,304.81242548292977,4,8,3816.2515670462803
7,680.8764688499206,5,7,8524.573390001005
7,574.3703242070573,4,13,7191.1164590723565
8,181.77013138015968,4,14,2275.762044879599
5,835.0004178085971,4,1,10454.205230963636
3,732.0677096992694,6,14,9165.487725434852
12,118.41808383011,7,12,1482.5944095529771
8,621.0937687905969,2,3,7776.093985258272
6,716.9973348157904,7,11,8976.806631893696
11,399.5482957763376,5,14,5002.344663119747
3,155.13723149377503,4,2,1942.3181383020633
1,161.8568523910298,7,5,2026.447791935693
3,183.39757284144758,6,5,2296.137611974924
5,772.3517055843383,8,5,9669.843353915916
3,828.5489586045704,5,4,10373.43296172922
1,198.24862547658705,3,5,2482.07279096687
5,288.72482767606493,7,3,3614.8348425043328
10,232.4164082938318,3,12,2909.853431838774
7,249.05670359529654,4,1,3118.1899290131128
7,769.9926312019936,6,5,9640.30774264896
11,365.71713012395116,6,13,4578.778469151868
9,349.1554112365129,7,9,4371.425748681141
10,281.9164967016901,5,13,3529.59453870516
10,586.315515035407,5,9,7340.670248243295
12,403.44455870843905,6,4,5051.1258750296565
3,695.3997214746311,5,3,8706.40451286238
7,264.46384670051,6,1,3311.0873606903847
1,730.231910971594,7,2,9142.503525364356
4,582.9772253841112,2,8,7298.874861809072
4,191.4138400445502,6,1,2396.5012773577682
5,431.6036673629021,3,8,5403.677915383534
7,790.8145124903656,5,13,9900.997696379376
7,838.3681854387879,6,7,10496.369681693624
11,472.56009785505057,6,8,5916.452425145233
4,484.6695824712588,7,12,6068.06317254016
7,834.7637799514409,5,6,10451.24252499204
11,569.6545793092538,2,12,7132.0753329518575
3,126.27733619475067,7,14,1580.9922491582784
6,830.1995703033031,2,9,10394.098620197354
12,298.58115420572153,8,3,3738.2360506556333
2,562.1055632732377,7,10,7037.561652180936
10,232.41065394237904,5,4,2909.7813873585856
9,127.10332819727599,1,13,1591.3336690298952
5,349.1785369062059,5,6,4371.715282065698
6,724.3965660368701,5,8,9069.445006781614
12,322.0697381035345,2,5,4032.313121056252
12,276.07777126487764,2,3,3456.493696236268
12,270.144627472981,5,6,3382.2107359617225
12,512.1389459254501,5,4,6411.979602986636
4,880.433052546205,5,9,11023.021817878485
11,467.19119041361046,2,13,5849.233703978402
10,545.8442951120383,5,3,6833.970574802719
7,788.5056143125871,5,4,9872.09029119359
12,528.0557751469269,8,7,6611.2583048395245
9,247.57029713508487,4,7,3099.5801201312624
7,339.67672941318165,1,12,4252.752652253034
1,347.9495410148887,3,12,4356.328253506406
1,417.8544923660783,1,4,5231.5382444233
9,441.4311242693995,4,6,5526.717675852881
11,739.8256176594156,3,12,9262.616733095883
9,379.5095992394664,7,13,4751.460182478119
4,474.58546275310346,5,3,5941.809993668855
9,599.9807896408417,4,6,7511.759486303338
3,402.1807579521354,8,12,5035.303089560735
7,769.2518506338663,7,2,9631.033169936005
6,569.9628833872595,5,8,7135.935300008488
8,335.23574337677724,2,2,4197.151507077251
11,671.2473598318626,6,11,8404.01694509492
9,522.1181841158286,4,7,6536.9196651301745
5,527.5647130057976,2,9,6605.110206832585
1,484.8703587100688,4,1,6070.576891050061
3,497.6095590569992,8,8,6230.07167939363
10,712.2850248529925,4,7,8917.808511159466
12,182.38518346505242,2,6,2283.4624969824563
8,367.49024904838575,8,6,4600.9779180857895
11,160.40269104311136,3,6,2008.2416918597542
6,702.5969765979606,1,9,8796.514147006466
8,317.84148377623956,5,2,3979.375376878519
9,817.9443278551074,4,1,10240.662984745944
4,521.2627733274351,5,13,6526.209922059486
1,740.5998171888968,6,12,9272.309711204989
1,883.145148492769,2,6,11056.977259129468
10,771.8310875652564,5,10,9663.325216317011
4,793.5950080092188,2,11,9935.809500275418
12,426.38759629187575,5,8,5338.372705574284
7,541.3780762074718,1,3,6778.053514117547
2,303.1108512346434,1,12,3794.947857457735
3,256.8904797547623,8,10,3216.268806529624
1,504.406303284827,1,1,6315.166917126034
5,576.0391837603365,8,9,7212.010580679413
1,371.4169967169528,1,13,4650.140798896248
8,555.5548142108003,1,13,6955.546273919219
1,809.9683860108024,1,1,10140.804192855247
11,545.3772678266928,2,3,6828.123393190193
1,676.6504770484053,4,8,8471.663972646034
2,744.2519738863241,8,14,9318.034713056777
2,890.9830255643542,5,3,11155.107480065713
12,582.5579217415836,1,13,7293.625180204627
6,745.4801191700687,2,4,9333.41109200926
7,870.1194548438997,2,8,10893.895574645623
5,855.5277804618188,2,1,10711.207811381972
1,212.86547902217086,8,13,2665.075797357579
1,425.1138466188176,4,13,5322.425359667596
3,359.1920488854397,8,6,4497.084452045705
2,169.54001196027946,5,1,2122.640949742699
5,606.5926199287685,4,14,7594.5396015081815
12,688.7236905568019,3,1,8622.82060577116
10,778.5024763735069,7,14,9746.851004196305
6,198.2215117301668,2,8,2481.7333268616885
7,801.1552607002351,8,11,10030.463863966943
4,614.3404508914026,3,4,7691.54244516036
7,663.1569081108075,6,12,8302.72448954731
11,828.4992028322431,8,1,10372.810019459683
8,599.8090168346009,1,10,7509.608890769204
11,368.69268571986805,7,7,4616.0324252127475
1,760.0858651381278,1,5,9516.27503152936
6,390.4473697560724,4,5,4888.401069346027
8,127.3824886564233,7,1,1594.8287579784196
5,764.5236052521998,8,14,9571.83553775754
4,376.1537159050205,5,10,4709.444523130856
2,719.0676185610722,3,11,9002.726584384623
6,390.20631573275637,5,6,4885.383072974109
6,788.8544159797773,8,14,9876.457288066811
11,275.60842006476696,4,9,3450.6174192108824
1,879.6378121590959,1,9,11013.06540823188
9,723.8070198304247,7,8,9062.063888276916
12,191.39034073631746,5,5,2396.2070660186946
11,552.6212959732484,8,1,6918.81862558507
6,888.2938497933877,5,9,11121.438999413214
3,476.85236215505154,8,1,5970.191574181245
4,245.6857110572666,1,8,3075.9851024369777
12,487.82269372027696,7,5,6107.540125377867
11,509.96612470553725,3,3,6384.775881313326
4,693.3495553829324,1,11,8680.736433394313
3,659.0766825287235,5,7,8251.640065259618
10,422.04003487758445,3,7,5283.941236667357
3,274.4184859952692,8,9,3435.71944466077
3,616.0433342154636,3,7,7712.862544377604
4,437.36314764262545,8,13,5475.7866084856705
7,205.82096890026432,1,11,2576.8785306313093
4,820.4578409891085,5,14,10272.132169183638
9,652.9774860877235,4,3,8175.278125818298
1,646.5470851563852,5,11,8094.769506157942
8,758.0671007293391,8,13,9491.000101131325
7,523.7293429240649,2,14,6557.091373409292
2,752.0435427219657,7,13,9415.585154879009
8,498.4726028088046,6,1,6240.876987166233
1,153.74031993256807,4,8,1924.828805555752
11,424.198470422151,3,12,5310.964849685331
12,497.9719151839125,4,3,6234.608378102584
9,676.1620653058367,7,12,8465.549057629074
9,185.26298410293947,3,8,2319.492560968802
2,212.0148309283592,7,8,2654.425683223057
7,310.94704210769316,3,13,3893.056967188318
10,313.1987146967058,4,5,3921.2479080027565
3,685.74766276725,3,13,8585.56073784597
7,300.5845284492782,3,12,3763.318296184963
12,606.478450685958,2,13,7593.110202588195
10,495.41908011061713,5,1,6202.646882984926
9,558.6355025435205,5,13,6994.116491844877
4,770.4855705426367,6,10,9646.47934319381
12,423.50520123921945,6,7,5302.285119515027
1,716.7291016514164,8,12,8973.448352675732
2,437.6288476405499,8,10,5479.113172459684
1,383.09710124899954,8,5,4796.375707637474
12,866.9017418505764,2,8,10853.609807969216
5,247.49673654317058,6,9,3098.6591415204957
5,172.26956846208628,7,11,2156.8149971453204
11,716.7887404283828,8,14,8974.195030163351
7,154.59976428327326,8,7,1935.5890488265811
9,769.6631925624235,4,14,9636.183170881543
9,449.7547170857948,1,13,5630.929057914151
3,832.4109418335312,7,7,10421.78499175581
3,677.2262888975245,8,1,8478.873136997006
3,588.3237336063661,8,4,7365.8131447517035
4,859.4454376462126,8,2,10760.25687933058
8,417.3194984416434,1,2,5224.840120489375
6,863.2695492317065,1,2,10808.134756380965
8,208.00102193696554,2,4,2604.1727946508086
1,487.0039535459302,7,14,6097.2894983950455
8,315.92897791375594,2,1,3955.4308034802243
4,531.8742231265547,3,4,6659.0652735444655
11,229.61110231326768,1,2,2874.7310009621115
1,773.2237282480347,4,5,9680.761077665395
8,777.1262794516458,6,3,9729.621018734606
4,864.1890501787832,4,12,10819.646908238365
6,223.73771270658898,6,8,2801.196163086494
8,598.6660407239926,1,4,7495.298829864388
4,479.3898469602957,1,1,6001.960883942902
3,375.50698563538657,1,1,4701.34746015504
9,381.23212890737506,2,12,4773.026253920336
3,430.23484048540183,7,10,5386.5402028772305
9,663.9404397511624,6,3,8312.534305684554
2,578.6288466145237,7,9,7244.433159613836
2,467.7452102089049,2,7,5856.170031815489
2,160.74672829569766,2,2,2012.5490382621347
6,162.21227526316568,5,13,2030.8976862948343
3,101.8715125006226,4,9,1275.4313365077949
9,874.1595105656692,4,10,10944.477072282178
4,104.20305484670793,3,2,1304.6222466807833
1,182.4749968109959,8,3,2284.5869600736683
4,351.6772454475287,2,11,4402.999113003059
1,745.9442014534089,6,13,9339.22140219668
5,869.6790286112941,5,10,10888.381438213402
4,732.0108470334849,5,14,9164.77580485923
8,652.4481859565125,8,2,8168.651288175536
8,517.0405339308555,7,3,6473.347484814311
7,169.36416948974687,8,6,2120.4394020116306
3,866.5366344031443,8,9,10849.038662727366
1,706.7139311565452,8,9,8848.058418079945
1,611.1595082674095,4,7,7651.717043507966
12,707.2286764310799,2,12,8854.503028917119
11,679.2826634185109,3,3,8504.618945999757
3,609.7852638315894,2,4,7634.5115031714995
6,884.4614401439906,7,6,11073.457230602762
7,822.6910501088199,1,11,10300.091947362425
6,617.3319352937307,8,5,7728.995829877508
6,654.5401691655397,2,2,8194.842917952557
6,141.27664532696798,7,13,1768.783599493639
3,635.9339716400314,1,6,7961.893324933192
6,135.33235016808015,1,3,1694.3610241043634
8,570.6110055759448,8,14,7144.049789810829
11,899.4827996526678,3,8,11261.524651651402
11,544.6452651497436,6,2,6818.95871967479
2,478.56809446506674,4,1,5991.672542702635
5,350.28388520447004,2,9,4385.554242759965
1,196.41806302917155,1,14,2459.154149125228
12,684.8189371666253,2,12,8573.93309332615
1,254.07922222850434,6,3,3181.0718623008743
5,192.2256169978275,4,11,2406.6647248128
12,437.41012778441,6,1,5476.374799860813
3,736.2734703672779,4,7,9218.14384899832
4,696.0516384961763,5,13,8714.566513972128
3,143.90609171717995,4,10,1801.704268299093
1,464.11494802892486,8,5,5810.719149322139
1,517.9476608569352,3,5,6484.704713928828
12,615.6373205006578,6,14,7707.779252668235
12,620.1338803545825,1,1,7764.076182039373
5,391.75779956584466,8,9,4904.807650564375
6,548.5417552028111,5,7,6867.742775139195
3,484.8495070752692,3,8,6070.31582858237
12,807.9986852186248,2,9,10116.143538937182
9,524.2121061079201,8,6,6563.13556847116
5,452.8257293985293,6,12,5669.378132069586
8,423.5883597454806,7,5,5303.326264013417
1,557.9422075467726,7,6,6985.436438485593
5,743.181583520718,1,11,9304.633425679389
3,530.72119230463,4,2,6644.629327653967
12,629.3241400644332,1,4,7879.138233606704
1,690.28461352522,7,3,8642.363361335754
4,516.1344879029855,2,13,6462.0037885453785
5,441.45364532389146,5,7,5526.999639455121
7,801.3323022899596,5,9,10032.680424670294
1,434.0048672223137,6,5,5433.740937623367
3,469.55428046047007,5,6,5878.819591365085
2,892.2730506734217,6,10,11171.25859443124
9,100.19001886070767,8,14,1254.37903613606
10,248.37832766137797,6,12,3109.696662320452
6,407.1711119357806,8,12,5097.782321435972
10,846.0719275402023,6,2,10592.820532803333
3,156.02376459797682,7,3,1953.4175327666696
8,107.58834690279846,7,3,1347.0061032230367
8,142.14706878178288,4,12,1779.6813011479217
2,170.83472849089452,8,12,2138.8508007059995
6,130.07741856500868,3,9,1628.5692804339087
7,483.82506148520383,8,7,6057.489769794752
2,564.6057657818621,6,8,7068.864187588913
11,317.3495768552033,6,11,3973.216702227145
10,418.62990718050844,3,10,5241.246437899966
2,173.35946808914412,1,11,2170.460540476084
10,369.09637106273766,6,9,4621.086565705476
1,518.0153533076184,4,6,6485.552223411382
8,685.8174457477161,5,4,8586.434420761405
1,102.67708963438338,5,12,1285.5171622224798
9,473.84861323012206,2,1,5932.584637641128
11,337.60230116390574,2,8,4226.7808105721
6,782.2574573535211,5,7,9793.863366066083
7,672.4426521873935,5,2,8418.982005386166
10,571.286827576716,7,8,7152.5110812604835
7,321.81251655741886,4,12,4029.092707298884
10,828.2712816460274,3,5,10369.956446208264
3,136.08054177625854,2,7,1703.7283830387569
2,187.57407894329214,7,4,2348.4274683700173
9,413.30411243228485,7,5,5174.567487652206
8,199.55004583748507,3,8,2498.366573885313
12,865.13255804754,7,1,10831.4596267552
10,738.3914577147067,8,1,9244.661050588127
7,307.18612128145094,4,4,3845.9702384437655
9,570.8433831785962,5,3,7146.959157396025
4,885.8644120640653,6,13,11091.022439042097
4,807.3591825052024,3,10,10108.136964965133
1,580.6387571537584,5,12,7269.597239565055
8,822.9791737402164,5,2,10303.69925522751
12,891.3479278506871,1,12,11159.676056690603
3,694.6822583148993,8,3,8697.421874102538
7,151.98912758631522,3,11,1902.9038773806665
12,421.26418914039,7,11,5274.227648037682
2,770.2605882265964,6,14,9643.662564596987
2,284.4553566440152,3,11,3561.38106518307
7,764.5140142004997,7,1,9571.715457790255
6,196.27100962799676,5,1,2457.3130405425195
3,137.55628571825042,6,6,1722.2046971924951
9,407.27248919299967,7,5,5099.051564696356
10,129.3855499412909,4,8,1619.9070852649618
6,865.8162103866605,7,2,10840.018954040988
10,760.9645566351727,1,4,9527.276249072362
10,740.6157497039001,8,8,9272.50918629283
6,603.8223383969225,5,12,7559.855676729469
1,273.05921842924283,7,6,3418.70141473412
4,514.6082933411137,8,1,6442.895832630744
10,577.8192579442727,2,4,7234.297109462294
6,520.0252006882146,2,1,6510.715512616446
6,308.18669436122184,8,13,3858.4974134024974
11,512.1983394517807,8,2,6412.723209936295
12,492.94907269490125,1,5,6171.722390140163
5,897.0686206453794,4,14,11231.299130480149
1,817.9489184369631,5,8,10240.720458830778
8,470.7045985724959,3,8,5893.221574127649
5,598.3499063480949,1,11,7491.340827478148
12,698.2972832737828,4,3,8742.68198658776
12,127.89212818705992,8,11,1601.2094449019903
12,815.9371529822719,3,13,10215.533155338044
5,788.1014531343391,8,4,9867.030193241924
7,465.94567821896584,8,10,5833.639891301452
4,412.93581286430384,2,11,5169.956377061084
6,318.367499885052,2,14,3985.9610985608506
4,481.34146266429474,3,6,6026.39511255697
3,135.50133082658942,1,11,1696.4766619488996
7,781.7548266776062,2,11,9787.570430003629
8,128.33789473483606,5,10,1606.7904420801474
4,363.2410922958968,8,3,4547.778475544628
2,845.271590655192,6,2,10582.800315003004
12,688.1701236187622,7,6,8615.889947706903
10,325.11276846202145,3,11,4070.4118611445083
3,302.1192751687081,3,13,3782.533325112225
1,104.06571185442077,2,5,1302.902712417348
8,656.5714342798001,1,14,8220.274357183096
3,139.02686533853847,8,10,1740.6163540385016
12,526.0820155206097,5,5,6586.546834318034
10,869.6975780736399,1,10,10888.613677481972
7,187.5750880435631,4,13,2348.44010230541
10,815.5839447744539,4,5,10211.110988576163
5,893.1802681160385,6,10,11182.616956812803
10,149.21362099138804,2,12,1868.154534812178
5,806.325015309969,2,5,10095.18919168081
7,512.8632163548933,2,3,6421.047468763264
9,825.210975555664,6,7,10331.641413956913
12,557.0551535356593,4,6,6974.330522266454
5,629.6896080852517,1,4,7883.713893227351
1,535.0231263979194,6,2,6698.489542501951
10,791.5943042458788,6,12,9910.760689158402
10,687.1279351629614,1,9,8602.841748240277
1,517.0082497443319,2,1,6472.943286799035
2,794.5286432412375,5,13,9947.498613380294
6,296.22842580426766,1,13,3708.779891069431
9,225.87252776202078,4,11,2827.9240475805
8,228.32008426405767,3,14,2858.567454986002
5,367.2071029961903,8,4,4597.4329295123025
1,290.952025040814,3,1,3642.7193535109914
7,844.0722804077909,7,13,10567.784950705542
5,184.6672750628672,7,6,2312.034283787097
6,659.1925904316702,6,4,8253.09123220451
7,251.3772318280047,8,5,3147.242942486619
3,805.3097062162801,3,5,10082.477521827826
12,869.0522305479259,5,9,10880.533926460032
10,472.37600701598683,2,1,5914.147607840155
3,803.2571841825053,4,13,10056.779945964965
5,104.11613660377182,7,2,1303.534030279223
6,755.9575339264801,5,13,9464.58832475953
9,282.9001292199388,4,6,3541.9096178336335
12,826.9610474154942,4,5,10353.552313641987
5,100.89608918408759,2,11,1263.2190365847766
1,544.9453880318056,8,7,6822.716258158205
4,705.3086430279477,6,3,8830.464210709904
5,306.95066455832637,3,3,3843.022320270246
12,254.50629166983444,2,10,3186.418771706327
10,167.27857957438772,5,2,2094.327816271334
10,361.1468612026344,6,13,4521.5587022569825
5,547.8754498470636,5,3,6859.400632085236
7,192.67508542420615,6,10,2412.292069511061
4,401.35628958943903,8,1,5024.980745659776
1,107.25792372217997,7,5,1342.8692050016932
5,754.9435363998734,5,14,9451.893075726415
7,202.7589744745531,2,12,2538.5423604214047
10,326.6743586124653,6,5,4089.9629698280655
10,114.74217499057397,6,12,1436.5720308819862
6,445.79262711400986,4,11,5581.3236914674035
5,772.097202192975,4,7,9666.656971456046
4,413.72096915615725,1,4,5179.786533835088
2,243.5978587390667,5,3,3049.845191413115
4,702.9590672404154,4,1,8801.04752185
10,731.0455854965954,1,12,9152.690730417375
10,239.00278024605345,7,8,2992.314808680589
3,716.6832868327919,7,13,8972.874751146554
10,857.8383106050704,4,3,10740.135648775482
1,233.10206954581787,5,13,2918.4379107136397
8,716.7874340257084,6,2,8974.178674001869
5,666.8576036821034,3,11,8349.057198099936
4,478.8591107480708,8,4,5995.316066565846
8,146.33636844703864,5,3,1832.1313329569236
7,159.75553420628322,8,13,2000.1392882626658
2,781.9317273589181,2,1,9789.785226533655
1,892.1186982005177,7,3,11169.32610147048
12,640.8418057494035,4,12,8023.339407982532
11,456.7666456082572,4,2,5718.718403015379
4,618.0589147215261,8,8,7738.097612313506
8,575.5166873828363,6,6,7205.46892603311
12,406.88980832449744,8,9,5094.260400222708
2,152.50091565921036,2,8,1909.3114640533138
3,757.2103579259527,6,10,9480.273681232928
12,397.4668233909797,2,3,4976.284628855065
1,755.028514685675,3,5,9452.95700386465
1,302.00699975070575,7,7,3781.127636878836
3,100.82358387650672,4,5,1262.3112701338641
11,227.15062662140522,4,8,2843.9258452999934
5,474.83153341486747,3,12,5944.89079835414
12,855.4429079662639,1,5,10710.145207737623
3,181.7548957549752,7,1,2275.571294852289
1,783.3678195692528,6,5,9807.765101007044
1,521.6192769694896,3,4,6530.67334765801
8,760.7366126399173,6,6,9524.422390251764
10,338.6995447919941,8,3,4240.518300795766
11,771.9577317379775,5,11,9664.910801359478
12,718.2582240134436,4,5,8992.592964648315
12,284.04294642514714,6,2,3556.217689242842
2,205.06810112750244,2,11,2567.4526261163305
3,794.4434580258343,6,6,9946.432094483445
2,870.5893227521055,5,13,10899.778320856361
3,125.04185099801299,7,12,1565.5239744951225
7,685.0160535789485,4,6,8576.400990808434
1,827.6196087582547,8,5,10361.79750165335
10,785.8880736739989,3,6,9839.318682398465
8,871.6163778161668,8,11,10912.637050258409
10,708.0752627504777,5,7,8865.102289635981
10,453.8390099047282,4,12,5682.064404007197
10,349.56159239610434,6,5,4376.511136799226
2,356.59419235050194,7,1,4464.5592882282845
3,679.5381380912936,1,8,8507.817488902996
9,696.6696096247714,7,4,8722.303512502138
7,260.28731483897013,1,9,3258.797181783906
4,794.4982507924248,2,14,9947.118099921157
10,671.9392321617981,7,10,8412.679186665713
5,550.2002290747062,4,12,6888.506868015321
2,477.2259680820102,1,6,5974.8691203867675
11,534.5862446319666,3,1,6693.019782792221
8,227.39659062341158,4,3,2847.0053146051127
4,262.9609994210193,3,3,3292.271712751162
9,172.93159232495333,7,10,2165.103535908416
5,222.92643052889014,3,12,2791.0389102217046
9,462.95490768422616,1,12,5796.195444206512
4,524.2835149826049,4,4,6564.0296075822125
10,114.2895139826555,6,6,1430.904715062847
5,737.438262291222,5,7,9232.7270438861
9,335.33437867478233,1,10,4198.386421008275
8,829.4688279679289,1,4,10384.94972615847
3,874.0090108910222,6,6,10942.592816355596
1,248.36709974132347,4,11,3109.5560887613697
3,469.6778326125285,4,1,5880.366464308857
4,100.98546813314071,8,14,1264.3380610269217
2,578.6618120979415,7,8,7244.845887466227
1,585.845158610137,3,7,7334.781385798915
7,298.0319644827001,7,11,3731.360195323405
8,546.7301380665583,6,11,6845.06132859331
7,280.4321139549884,7,9,3511.0100667164543
5,228.66037526255207,6,3,2862.8278982871516
12,621.2155734418118,4,2,7777.6189794914835
1,360.74037116165994,3,1,4516.469446943982
7,572.2111511084979,7,3,7164.083611878394
7,446.59739917732446,1,5,5591.399437700102
9,887.4811259223231,2,14,11111.263696547485
3,219.6645141340526,8,11,2750.1997169583387
9,471.6788773086481,5,2,5905.419543904274
1,644.3653010874602,1,12,8067.4535696150015
1,416.43606710397495,4,3,5213.7795601417665
4,879.7598814965519,5,4,11014.593716336829
9,677.5101023415481,2,7,8482.42648131618
6,625.5870860515945,2,13,7832.350317365963
11,705.6474140889786,3,3,8834.705624394011
3,862.1189104309736,5,9,10793.72875859579
1,826.2549223877121,3,8,10344.711628294155
4,679.4282465011295,1,4,8506.44164619414
12,699.3293112810264,6,13,8755.60297723845
9,216.73765922811637,6,1,2713.555493536017
3,182.23392359413253,6,1,2281.568723398539
12,556.7236014753314,5,1,6970.179490471149
9,114.694109552432,6,1,1435.9702515964486
7,485.88510524127327,1,8,6083.281517620741
12,268.27966393509485,3,3,3358.8613924673873
4,376.81325411587164,5,6,4717.701941530713
3,720.6437886343648,3,3,9022.460233702246
10,852.9900033859092,5,11,10679.434842391582
5,157.9330177170732,3,5,1977.3213818177564
5,527.393764781156,2,13,6602.969935060073
3,806.02678865568,3,14,10091.455393969112
12,166.00682755233703,6,13,2078.4054809552595
9,759.6112375174671,2,7,9510.332693718688
4,386.2410807426171,3,2,4835.738330897566
11,357.6757617754683,5,6,4478.1005374288625
5,881.9731090518286,5,13,11042.303325328894
4,260.6872718898353,8,6,3263.8046440607377
5,654.5551526581447,5,11,8195.030511279972
7,757.1525824078932,4,3,9479.550331746823
9,132.94679622341732,1,6,1664.4938887171847
7,636.3083666835298,5,10,7966.5807508777925
5,861.2399794842615,2,10,10782.724543142955
10,199.37597338244748,8,14,2496.1871867482423
10,816.9770421480306,5,5,10228.552567693343
7,575.8213099015488,4,12,7209.282799967391
10,593.2836654899793,6,2,7427.91149193454
5,590.3553398924847,2,9,7391.248855453909
3,339.0687090698511,4,8,4245.140237554536
7,848.1614522395678,6,3,10618.981382039388
11,857.880370104831,7,8,10740.662233712483
11,600.2437281711582,7,14,7515.0514767029
2,726.7381807532918,2,9,9098.762023031213
12,589.8063887049263,3,14,7384.375986585677
9,487.5187580592325,1,3,6103.73485090159
10,628.6560946394005,8,3,7870.774304885294
10,542.4011620735668,1,2,6790.8625491610555
12,577.980690105544,4,8,7236.318240121411
1,727.0660427350896,6,10,9102.866855043321
6,484.72306515918785,1,1,6068.732775793032
7,132.60328487397823,6,8,1660.1931266222073
8,231.1995847915978,6,7,2894.618801590804
10,450.8857731916307,4,14,5645.089880359216
9,679.8612478992467,4,7,8511.862823698568
2,574.622918648143,4,3,7194.27894147475
11,620.2353486987631,1,1,7765.346565708514
10,483.4231428610298,7,4,6052.457748620093
2,592.5936175537943,4,9,7419.272091773504
5,363.2139502517298,8,5,4547.438657151657
5,476.14607415733207,1,1,5961.3488484497975
6,695.4232524759644,4,5,8706.699120999074
3,797.466223178497,5,13,9984.277114194781
8,446.92426716511113,6,8,5595.491824907192
1,134.92932616588894,8,8,1689.3151635969296
6,229.33803531744212,4,5,2871.312202174375
4,116.68891143323049,2,12,1460.9451711440456
1,622.6104153898641,6,9,7795.082400681098
7,365.85170028408714,6,1,4580.463287556771
9,533.982908575494,4,4,6685.466015365185
4,494.6214774270397,7,3,6192.660897386537
4,165.22119164194135,3,2,2068.5693193571055
6,422.60908889906545,7,8,5291.0657930163
12,276.44889993785864,4,7,3461.1402272219902
3,434.7198309341222,6,9,5442.69228329521
12,262.86262427379415,8,2,3291.0400559079026
6,772.3619250215468,2,14,9669.971301269765
7,239.35466926260293,8,14,2996.7204591677887
11,868.6244411895816,8,4,10875.178003693562
10,432.72589291755264,6,14,5417.728179327759
10,776.9962336152395,7,6,9727.992844862798
3,603.011854564756,2,11,7549.708419150746
7,688.2802389326021,1,3,8617.268591436177
3,714.1791104534242,5,8,8941.52246287687
2,503.8759055144142,6,3,6308.5263370404655
12,534.6404186906307,4,14,6693.698042006696
10,511.19669424698,1,12,6400.182611972189
4,570.4467024720634,5,13,7141.992714950234
12,123.51555660520583,4,13,1546.414768697177
8,416.4121358792122,8,2,5213.479941207736
9,584.9509708489372,3,13,7323.586155028694
7,578.1788522046915,4,13,7238.799229602737
1,734.3648756845053,2,3,9194.248243570006
3,624.0074710656868,2,11,7812.573537742398
12,893.7066530725378,3,6,11189.207296468174
9,327.08362288691603,1,2,4095.0869585441887
12,387.32082373298516,5,8,4849.256713136974
1,407.07772149423704,4,1,5096.613073107847
9,472.65024561619884,2,7,5917.581075114809
8,768.7984510249676,1,2,9625.356606832593
1,288.63367516736787,3,10,3613.6936130954455
6,720.8001656283436,7,12,9024.418073666862
5,424.2481464685947,6,6,5311.586793786805
6,581.4843069296069,7,12,7280.183522758678
10,606.0324265810449,7,2,7587.525980794681
12,398.2789097511476,2,2,4986.451950084367
5,510.09216416464415,8,10,6386.3538953413445
6,430.4249397181576,8,13,5388.9202452713325
5,155.30622894929556,3,8,1944.4339864451804
11,449.7323110534612,4,12,5630.648534389335
12,177.91471404284175,8,2,2227.4922198163786
5,424.0166392642572,7,7,5308.6883235885
4,574.3347198654255,8,3,7190.670692715127
3,563.5319194748006,7,8,7055.419631824503
3,630.0970232066563,5,7,7888.814730547337
4,176.209206363701,2,14,2206.139263673537
9,621.6985964243503,2,8,7783.666427232865
2,349.71844535715763,4,14,4378.4749358716135
9,419.2367569096889,8,7,5248.844196509304
1,786.3890031381646,8,11,9845.59031928982
1,107.2243233036402,6,6,1342.4485277615754
5,570.7301066724843,1,13,7145.540935539504
6,578.971184080086,5,7,7248.719224682676
6,417.32782107484957,2,5,5224.944319857116
3,289.62228568666893,5,7,3626.0710167970947
7,287.73923060924085,2,1,3602.495167227695
9,806.9677357286021,5,1,10103.236051322097
11,453.619499026286,3,9,5679.3161278091
12,364.7114903913375,7,14,4566.187859699546
10,459.02205906512245,2,5,5746.956179495332
8,635.5123211674891,5,13,7956.614261016963
6,216.60525459580134,8,5,2711.8977875394326
12,459.54706817099014,1,3,5753.5292935007965
8,570.3074968883095,3,5,7140.249861041635
12,858.866683881147,3,3,10753.01088219196
5,302.0222256603354,1,9,3781.3182652673986
8,387.4005983329964,5,9,4850.255491129115
10,403.48687193793904,8,6,5051.655636662997
12,584.4305261159063,4,1,7317.070186971147
4,385.3856424320013,1,7,4825.0282432486565
10,526.8095402397564,5,7,6595.65544380175
8,725.4322638760235,1,14,9082.411943727813
10,664.3084752897629,1,10,8317.14211062783
12,457.09491721006845,2,10,5722.8283634700565
2,791.3729421393351,5,4,9907.989235584475
12,546.5121996750903,4,8,6842.332739932131
12,531.92467160177,7,6,6659.69688845416
5,127.35021275132654,2,4,1594.4246636466082
9,889.3543842857292,1,4,11134.716891257329
4,198.37664682370138,7,2,2483.6756182327413
11,284.9047299421173,6,14,3567.0072188753084
6,141.35746979322158,7,2,1769.7955218111342
1,612.002373469531,1,12,7662.269715838528
9,279.76094157814396,1,14,3502.606988558362
1,244.00834997817879,8,4,3054.9845417267984
5,170.8444673785931,5,5,2138.9727315799855
4,182.64716569921254,5,8,2286.742514554141
12,567.736560354071,2,6,7108.0617356329685
3,650.5662926932763,4,14,8145.089984519819
6,417.9031907715208,2,4,5232.14794845944
2,483.9176652736586,3,13,6058.649169226205
3,648.7741887863873,1,11,8122.652843605569
5,113.90383214838371,7,7,1426.075978497764
9,358.5045256562228,6,8,4488.476661215909
2,878.4781984562771,1,2,10998.547044672589
10,564.0897837563745,1,12,7062.404092629808
8,303.3796639179946,2,7,3798.3133922532925
2,517.3840373089705,6,14,6477.648147108311
11,374.12279049673225,6,2,4684.017337019088
5,525.7959910610393,6,2,6582.965808084212
7,200.59320944531908,2,8,2511.4269822553947
8,206.17172305542192,1,2,2581.269972653882
1,214.8338896315143,2,11,2689.720298186559
6,851.8558335414734,5,9,10665.235035939248
1,686.3191346730734,5,12,8592.71556610688
2,229.90551572985672,2,1,2878.417056937806
1,250.67926701248115,6,9,3138.5044229962637
11,684.6635798967011,8,1,8571.988020306697
5,224.93107583373916,1,10,2816.137069438414
10,287.6490346678629,2,13,3601.3659140416435
9,870.6774662563192,2,10,10900.881877529117
6,304.2452197827455,2,2,3809.1501516799735
11,629.3058802969174,8,6,7878.909621317405
11,882.9050299204243,8,6,11053.970974603712
1,399.4374137118341,3,1,5000.956419672163
1,114.01279268964979,5,7,1427.4401644744153
2,295.3178323378994,7,8,3697.3792608705003
9,764.7017530733643,6,2,9574.065948478521
3,791.6870687640294,4,8,9911.922100925647
1,714.815491619033,8,9,8949.489955070292
5,190.4878552612584,7,6,2384.907947870955
7,736.4082973571225,8,5,9219.831882911172
6,834.9422375948034,6,12,10453.476814686937
12,580.4876340369889,4,9,7267.705178143101
1,852.7002850704519,3,13,10675.807569082057
5,761.471106969502,2,12,9533.618259258164
5,633.5772135927258,3,11,7932.386714180927
6,561.7481893693985,8,9,7033.087330904868
3,378.8589337935764,3,1,4743.313851095576
5,227.4299561942441,7,11,2847.423051551936
7,583.9631381524326,1,3,7311.218489668457
5,354.4892428944956,8,9,4438.205321039085
5,793.1509340221163,8,11,9930.249693956895
5,894.6695498869028,7,2,11201.262764584022
10,701.942210092458,5,12,8788.316470357575
10,172.3853562296406,4,4,2158.2646599951
3,330.9484764245105,2,4,4143.474924834871
1,187.2877054125998,7,2,2344.842071765749
5,620.4093182333726,4,3,7767.524664281825
9,712.1526916446277,6,13,8916.151699390739
1,840.5398647045695,4,3,10523.55910610121
3,450.53787712959013,6,1,5640.734221662468
4,821.1005196707555,7,6,10280.178506277858
1,802.312927233062,8,8,10044.957848957936
1,353.75657341231886,8,12,4429.032299122232
8,795.1205004324568,5,3,9954.908665414358
2,400.5378015053812,7,5,5014.733274847373
12,337.49541964822464,6,1,4225.442653995772
8,619.2597270355145,4,10,7753.131782484642
7,362.70498230806487,4,7,4541.066378496972
10,604.1669986633153,6,10,7564.170823264708
10,587.8654443989556,3,13,7360.075363874923
2,550.751141878767,5,1,6895.404296322163
6,404.33576338623817,1,12,5062.283757595702
6,538.7997773211814,8,11,6745.773212061191
3,577.1883799883373,2,9,7226.398517453982
11,536.5495107963787,4,8,6717.599875170662
2,455.53556220096124,2,7,5703.305238756035
12,111.73364563701105,1,10,1398.9052433753784
1,569.6493661609207,7,7,7132.010064334728
6,234.7555081141757,2,5,2939.13896158948
12,614.0607751577517,1,5,7688.040904975051
5,707.4754623382928,8,11,8857.592788475426
11,500.3562473045932,6,13,6264.460216253507
9,533.8909319837907,3,5,6684.314468437059
1,861.1828477327929,8,1,10782.009253614566
7,777.7338890980593,4,8,9737.228291507703
5,831.3892127611759,1,12,10408.992943769923
5,751.0130306556691,2,11,9402.683143808978
2,187.13467347738515,4,1,2342.926111936862
11,219.19348477615577,3,4,2744.30242939747
3,521.2990378151676,6,9,6526.663953445898
7,296.8557270383986,7,14,3716.63370252075
6,481.35638003292735,4,9,6026.58187801225
12,415.4922590546802,7,5,5201.963083364596
2,539.5313907443626,1,4,6754.93301211942
6,697.5005729086581,3,3,8732.7071728164
2,672.3927256794195,2,3,8418.356925506332
2,516.9873059882675,3,12,6472.681070973109
2,757.9147350536465,3,5,9489.092482871654
11,444.68967323042665,5,10,5567.514708844941
3,817.3714318720979,3,1,10233.490327038666
2,157.02421604413112,3,5,1965.9431848725217
4,863.7280240266459,8,6,10813.874860813607
9,623.7544651450786,4,7,7809.4059036163835
6,404.05960714976425,2,12,5058.826281515048
1,257.7233012583019,8,9,3226.6957317539395
8,483.34658355487994,8,3,6051.499226107097
12,255.6466585482408,4,2,3200.6961650239746
7,233.06528619451373,4,14,2917.9773831553116
10,593.8814059303793,1,3,7435.395202248348
3,518.4677796654278,4,12,6491.216601411155
1,636.0768276887534,5,9,7963.6818826631925
5,843.6847019375914,5,12,10562.932468258645
4,525.8081706712321,8,7,6583.118296803826
10,564.7456426102382,7,9,7070.615445480182
8,171.7010713239537,1,13,2149.6974129759
1,674.1086287269036,7,2,8439.840031660833
10,419.92416544332497,7,5,5257.450551350428
1,881.3801909300631,8,13,11034.87999044439
12,758.5392124765282,6,4,9496.910940206133
4,517.9848324128947,8,2,6485.170101809441
8,198.57812333773285,2,9,2486.198104188415
5,787.5326346244714,2,9,9859.90858549838
2,739.8248763392173,4,6,9262.607451767
6,247.6681036296264,4,11,3100.8046574429222
5,336.22263137624805,6,6,4209.507344830626
2,734.7258065182698,4,8,9198.767097608737
11,248.18275723792772,2,6,3107.248120618855
11,834.2019913371018,7,1,10444.208931540516
11,439.6219401570895,8,4,5504.06669076676
3,169.63117007012693,3,13,2123.782249277989
9,752.5989148034247,5,7,9422.538413338876
7,398.8077464307101,3,13,4993.07298531249
7,521.1993553230247,3,13,6525.41592864427
11,189.84347552897532,2,2,2376.8403136227707
6,102.0672118759859,3,9,1277.8814926873436
8,610.3881646346381,8,8,7642.059821225668
4,512.1401362669853,6,8,6411.994506062656
8,574.8308552985177,1,7,7196.882308337441
4,734.995080304413,4,4,9202.138405411251
8,617.2847307382881,1,2,7728.404828843367
9,239.81875426190174,7,3,3002.53080335901
3,388.61801528847985,8,12,4865.497551411768
3,824.7128838302083,8,6,10325.405305554208
11,715.9557602013432,5,12,8963.766117720816
2,545.3096463493738,8,12,6827.27677229416
10,304.5159982474178,4,5,3812.540298057671
3,341.64840146783604,8,12,4277.437986377307
3,685.5664540685076,3,8,8583.292004937715
5,780.9394086822167,5,6,9777.361396701353
5,637.1397356244915,4,6,7976.989490018634
2,747.6239806147535,6,1,9360.252237296712
12,713.3249081603248,6,4,8930.827850167265
10,219.7631743655662,6,5,2751.4349430568886
6,439.1558503306416,6,12,5498.231246139633
5,222.38704066285013,3,11,2784.2857490988836
6,288.18846784158785,8,3,3608.11961737668
1,795.4076997208421,1,13,9958.504400504942
5,478.3135725065457,4,9,5988.485927781952
9,528.2864814741287,3,1,6614.1467480560905
12,242.7567721822177,6,6,3039.3147877213655
10,349.8174288390368,7,6,4379.71420906474
2,284.196934742296,8,10,3558.1456229735454
1,264.9489316147411,1,5,3317.1606238165587
10,610.3686346527761,7,12,7641.815305852757
11,305.50707811657185,5,5,3824.9486180194795
9,605.6123888163347,7,10,7582.26710798051
10,146.76369128684314,5,14,1837.481414911276
9,213.4195148216815,5,13,2672.0123255674525
9,319.6322032001003,6,5,4001.795184065256
6,577.6375335165533,5,6,7232.0219196272465
8,640.6729960699008,2,8,8021.225910795158
11,454.1735734236217,4,2,5686.253139263743
1,456.63273166178317,4,6,5717.0418004055255
10,679.6134811188945,6,1,8508.760783608559
4,112.65687341246596,2,4,1410.4640551240736
1,372.87201957937646,7,14,4668.357685133793
8,754.9656456953862,3,10,9452.169884106235
1,582.5755281706978,7,3,7293.845612697136
3,369.7817062043363,8,9,4629.66696167829
4,824.4198338637391,3,3,10321.736319974014
8,718.0981819595061,5,6,8990.589238133016
6,311.9163577893867,1,1,3905.1927995231217
10,616.2318700205735,3,12,7715.2230126575805
12,576.6005825511654,1,6,7219.039293540591
7,420.95033123118617,4,4,5270.2981470144505
8,393.5648633638405,1,8,4927.4320893152835
2,374.84837982056314,4,13,4693.10171535345
10,593.7246267165174,2,11,7433.432326490797
11,453.9279491845356,2,9,5683.177923790386
8,765.4904906011376,6,4,9583.940942326242
3,635.6820929071695,6,10,7958.739803197762
7,155.9452845675473,5,12,1952.4349627856923
3,612.1345790625329,3,10,7663.924929862912
7,316.91794920014786,5,6,3967.812723985851
11,574.2495933227382,4,1,7189.604908400682
12,644.1055448827611,5,4,8064.201421932169
2,284.66335132320967,1,7,3563.985158566585
10,465.4869159042949,4,12,5827.896187121772
6,252.25989025525425,6,1,3158.293825995783
3,141.87110062920664,2,8,1776.226179877667
3,402.7811387886953,6,12,5042.819857634465
9,390.3554174767936,3,10,4887.249826809456
7,896.3843925634056,4,12,11222.732594893838
5,457.08188095811374,4,11,5722.665149595584
12,366.8556395777603,1,6,4593.032607513559
10,564.3800053733397,3,5,7066.037667274213
7,171.01391528621477,2,10,2141.094219383409
9,869.3325887638506,7,11,10884.044011323409
1,607.9680364728265,4,14,7611.7598166397875
7,703.8702559526782,4,9,8812.455604527531
6,236.38235053913402,1,2,2959.507028749958
10,427.5822824041631,5,5,5353.330175700122
12,438.1512907169516,8,6,5485.654159776234
9,757.4451551208695,2,7,9483.213342113286
1,100.98934380752755,6,5,1264.3865844702448
4,340.68248668260406,3,9,4265.344733266203
9,884.9890994754431,4,1,11080.063525432548
4,479.9092348049749,4,7,6008.463619758286
10,406.0210241952066,6,10,5083.383222923987
3,195.8632016141171,2,7,2452.207284208746
9,879.3317029024124,8,4,11009.232920338203
2,116.02108474065957,5,9,1452.5839809530578
4,689.7441800057945,4,14,8635.597133672547
6,714.8798438308067,8,12,8950.2956447617
2,294.9253728510933,2,11,3692.465668095688
8,637.2467548904299,6,5,7978.329371228182
8,174.34331550351195,1,4,2182.7783101039695
1,305.6378131456639,5,13,3826.585420583712
12,730.321590633812,3,7,9143.626314735326
3,791.7489536268322,4,4,9912.696899407938
10,586.789130127833,2,3,7346.599909200469
9,505.4707454563861,1,9,6328.493733113954
5,227.44321649518423,3,11,2847.5890705197066
6,150.48722646332013,7,8,1884.100075320768
4,194.1192227788469,2,1,2430.3726691911634
10,281.88584007687905,2,7,3529.2107177625257
2,373.33960151753666,3,9,4674.211810999559
11,404.7276204087898,1,8,5067.189807518048
8,377.0574148712028,7,8,4720.758834187459
11,291.2442657578125,8,13,3646.3782072878125
6,507.7793974013585,8,6,6357.398055465008
5,760.2288865863175,6,11,9518.065660060694
9,323.76283077718335,1,4,4053.5106413303356
1,853.9096152817865,5,8,10690.948383327966
5,798.6693293790782,4,3,9999.340003826059
6,229.4113690816877,3,13,2872.23034090273
5,729.0207654056755,6,9,9127.339982879057
6,559.6699058542133,7,13,7007.06722129475
6,553.2602897371348,3,2,6926.818827508928
7,412.83421044653954,3,2,5168.684314790675
